id,class
plastic409.jpg,3
plastic83.jpg,3
plastic327.jpg,3
plastic42.jpg,3
plastic36.jpg,3
plastic228.jpg,3
plastic204.jpg,3
plastic439.jpg,3
plastic424.jpg,3
plastic449.jpg,3
plastic38.jpg,3
plastic232.jpg,3
plastic394.jpg,3
plastic260.jpg,3
plastic238.jpg,3
plastic287.jpg,3
plastic406.jpg,3
plastic369.jpg,3
plastic12.jpg,3
plastic117.jpg,3
plastic299.jpg,3
plastic335.jpg,3
plastic366.jpg,3
plastic17.jpg,3
plastic263.jpg,3
plastic447.jpg,3
plastic193.jpg,3
plastic78.jpg,3
plastic323.jpg,3
plastic410.jpg,3
plastic249.jpg,3
plastic82.jpg,3
plastic333.jpg,3
plastic280.jpg,3
plastic320.jpg,3
plastic310.jpg,3
plastic130.jpg,3
plastic442.jpg,3
plastic295.jpg,3
plastic383.jpg,3
plastic300.jpg,3
plastic224.jpg,3
plastic169.jpg,3
plastic93.jpg,3
plastic473.jpg,3
plastic301.jpg,3
plastic392.jpg,3
plastic222.jpg,3
plastic272.jpg,3
plastic400.jpg,3
plastic357.jpg,3
plastic426.jpg,3
plastic213.jpg,3
plastic330.jpg,3
plastic61.jpg,3
plastic156.jpg,3
plastic100.jpg,3
plastic67.jpg,3
plastic274.jpg,3
plastic250.jpg,3
plastic408.jpg,3
plastic91.jpg,3
plastic122.jpg,3
plastic457.jpg,3
plastic170.jpg,3
plastic286.jpg,3
plastic136.jpg,3
plastic302.jpg,3
plastic331.jpg,3
plastic242.jpg,3
plastic361.jpg,3
plastic307.jpg,3
plastic223.jpg,3
plastic396.jpg,3
plastic28.jpg,3
plastic217.jpg,3
plastic184.jpg,3
plastic243.jpg,3
plastic2.jpg,3
plastic436.jpg,3
plastic101.jpg,3
plastic398.jpg,3
plastic168.jpg,3
plastic458.jpg,3
plastic337.jpg,3
plastic19.jpg,3
plastic60.jpg,3
plastic267.jpg,3
plastic94.jpg,3
plastic453.jpg,3
plastic143.jpg,3
plastic332.jpg,3
plastic124.jpg,3
plastic444.jpg,3
plastic452.jpg,3
plastic18.jpg,3
plastic49.jpg,3
plastic214.jpg,3
plastic356.jpg,3
plastic345.jpg,3
plastic21.jpg,3
plastic256.jpg,3
plastic14.jpg,3
plastic177.jpg,3
plastic354.jpg,3
plastic126.jpg,3
plastic322.jpg,3
plastic180.jpg,3
plastic448.jpg,3
plastic70.jpg,3
plastic89.jpg,3
plastic75.jpg,3
plastic348.jpg,3
plastic47.jpg,3
plastic53.jpg,3
plastic174.jpg,3
plastic58.jpg,3
plastic399.jpg,3
plastic233.jpg,3
plastic120.jpg,3
plastic387.jpg,3
plastic478.jpg,3
plastic319.jpg,3
plastic438.jpg,3
plastic119.jpg,3
plastic234.jpg,3
plastic22.jpg,3
plastic52.jpg,3
plastic385.jpg,3
plastic227.jpg,3
plastic154.jpg,3
plastic360.jpg,3
plastic254.jpg,3
plastic74.jpg,3
plastic229.jpg,3
plastic261.jpg,3
plastic298.jpg,3
plastic391.jpg,3
plastic350.jpg,3
plastic158.jpg,3
plastic43.jpg,3
plastic427.jpg,3
plastic468.jpg,3
plastic129.jpg,3
plastic334.jpg,3
plastic167.jpg,3
plastic463.jpg,3
plastic437.jpg,3
plastic125.jpg,3
plastic1.jpg,3
plastic24.jpg,3
plastic284.jpg,3
plastic450.jpg,3
plastic201.jpg,3
plastic31.jpg,3
plastic206.jpg,3
plastic198.jpg,3
plastic314.jpg,3
plastic199.jpg,3
plastic289.jpg,3
plastic336.jpg,3
plastic469.jpg,3
plastic173.jpg,3
plastic73.jpg,3
plastic377.jpg,3
plastic157.jpg,3
plastic247.jpg,3
plastic321.jpg,3
plastic185.jpg,3
plastic315.jpg,3
plastic37.jpg,3
plastic455.jpg,3
plastic209.jpg,3
plastic266.jpg,3
plastic216.jpg,3
plastic297.jpg,3
plastic349.jpg,3
plastic138.jpg,3
plastic145.jpg,3
plastic402.jpg,3
plastic6.jpg,3
plastic137.jpg,3
plastic368.jpg,3
plastic87.jpg,3
plastic16.jpg,3
plastic230.jpg,3
plastic326.jpg,3
plastic296.jpg,3
plastic262.jpg,3
plastic211.jpg,3
plastic196.jpg,3
plastic62.jpg,3
plastic425.jpg,3
plastic276.jpg,3
plastic149.jpg,3
plastic257.jpg,3
plastic407.jpg,3
plastic45.jpg,3
plastic429.jpg,3
plastic190.jpg,3
plastic277.jpg,3
plastic55.jpg,3
plastic134.jpg,3
plastic15.jpg,3
plastic311.jpg,3
plastic150.jpg,3
plastic71.jpg,3
plastic176.jpg,3
plastic200.jpg,3
plastic318.jpg,3
plastic51.jpg,3
plastic111.jpg,3
plastic371.jpg,3
plastic25.jpg,3
plastic304.jpg,3
plastic102.jpg,3
plastic159.jpg,3
plastic59.jpg,3
plastic282.jpg,3
plastic344.jpg,3
plastic395.jpg,3
plastic375.jpg,3
plastic386.jpg,3
plastic187.jpg,3
plastic445.jpg,3
plastic353.jpg,3
plastic191.jpg,3
plastic290.jpg,3
plastic118.jpg,3
plastic275.jpg,3
plastic414.jpg,3
plastic269.jpg,3
plastic178.jpg,3
plastic144.jpg,3
plastic66.jpg,3
plastic451.jpg,3
plastic472.jpg,3
plastic39.jpg,3
plastic328.jpg,3
plastic133.jpg,3
plastic98.jpg,3
plastic56.jpg,3
plastic401.jpg,3
plastic412.jpg,3
plastic460.jpg,3
plastic10.jpg,3
plastic155.jpg,3
plastic226.jpg,3
plastic454.jpg,3
plastic27.jpg,3
plastic279.jpg,3
plastic113.jpg,3
plastic466.jpg,3
plastic63.jpg,3
plastic195.jpg,3
plastic413.jpg,3
plastic152.jpg,3
plastic415.jpg,3
plastic305.jpg,3
plastic404.jpg,3
plastic291.jpg,3
plastic306.jpg,3
plastic251.jpg,3
plastic403.jpg,3
plastic430.jpg,3
plastic285.jpg,3
plastic72.jpg,3
plastic378.jpg,3
plastic96.jpg,3
plastic236.jpg,3
plastic312.jpg,3
plastic370.jpg,3
plastic11.jpg,3
plastic388.jpg,3
plastic115.jpg,3
plastic389.jpg,3
plastic281.jpg,3
plastic359.jpg,3
plastic65.jpg,3
plastic441.jpg,3
plastic142.jpg,3
plastic241.jpg,3
plastic419.jpg,3
plastic259.jpg,3
plastic69.jpg,3
plastic153.jpg,3
plastic64.jpg,3
plastic41.jpg,3
plastic207.jpg,3
plastic428.jpg,3
plastic416.jpg,3
plastic397.jpg,3
plastic181.jpg,3
plastic446.jpg,3
plastic81.jpg,3
plastic186.jpg,3
plastic165.jpg,3
plastic8.jpg,3
plastic393.jpg,3
plastic116.jpg,3
plastic325.jpg,3
plastic362.jpg,3
plastic482.jpg,3
plastic384.jpg,3
plastic237.jpg,3
plastic219.jpg,3
plastic140.jpg,3
plastic212.jpg,3
plastic127.jpg,3
plastic470.jpg,3
plastic175.jpg,3
plastic271.jpg,3
plastic464.jpg,3
plastic373.jpg,3
plastic363.jpg,3
plastic114.jpg,3
plastic23.jpg,3
plastic189.jpg,3
plastic166.jpg,3
plastic105.jpg,3
plastic131.jpg,3
plastic273.jpg,3
plastic456.jpg,3
plastic141.jpg,3
plastic372.jpg,3
plastic148.jpg,3
plastic106.jpg,3
plastic210.jpg,3
plastic317.jpg,3
plastic341.jpg,3
plastic85.jpg,3
plastic26.jpg,3
plastic208.jpg,3
plastic351.jpg,3
plastic316.jpg,3
plastic303.jpg,3
plastic467.jpg,3
plastic411.jpg,3
metal18.jpg,2
metal295.jpg,2
metal340.jpg,2
metal234.jpg,2
metal126.jpg,2
metal369.jpg,2
metal344.jpg,2
metal300.jpg,2
metal82.jpg,2
metal12.jpg,2
metal299.jpg,2
metal180.jpg,2
metal322.jpg,2
metal148.jpg,2
metal271.jpg,2
metal372.jpg,2
metal237.jpg,2
metal125.jpg,2
metal376.jpg,2
metal100.jpg,2
metal177.jpg,2
metal236.jpg,2
metal90.jpg,2
metal249.jpg,2
metal172.jpg,2
metal108.jpg,2
metal73.jpg,2
metal161.jpg,2
metal209.jpg,2
metal141.jpg,2
metal337.jpg,2
metal14.jpg,2
metal39.jpg,2
metal37.jpg,2
metal399.jpg,2
metal160.jpg,2
metal317.jpg,2
metal266.jpg,2
metal293.jpg,2
metal358.jpg,2
metal198.jpg,2
metal398.jpg,2
metal215.jpg,2
metal350.jpg,2
metal211.jpg,2
metal301.jpg,2
metal51.jpg,2
metal255.jpg,2
metal163.jpg,2
metal225.jpg,2
metal117.jpg,2
metal361.jpg,2
metal327.jpg,2
metal366.jpg,2
metal101.jpg,2
metal298.jpg,2
metal339.jpg,2
metal313.jpg,2
metal207.jpg,2
metal285.jpg,2
metal235.jpg,2
metal40.jpg,2
metal294.jpg,2
metal155.jpg,2
metal217.jpg,2
metal6.jpg,2
metal227.jpg,2
metal70.jpg,2
metal288.jpg,2
metal199.jpg,2
metal47.jpg,2
metal50.jpg,2
metal19.jpg,2
metal43.jpg,2
metal124.jpg,2
metal137.jpg,2
metal188.jpg,2
metal218.jpg,2
metal355.jpg,2
metal356.jpg,2
metal222.jpg,2
metal297.jpg,2
metal380.jpg,2
metal44.jpg,2
metal61.jpg,2
metal309.jpg,2
metal333.jpg,2
metal181.jpg,2
metal381.jpg,2
metal342.jpg,2
metal152.jpg,2
metal267.jpg,2
metal157.jpg,2
metal382.jpg,2
metal291.jpg,2
metal59.jpg,2
metal178.jpg,2
metal25.jpg,2
metal316.jpg,2
metal72.jpg,2
metal220.jpg,2
metal185.jpg,2
metal325.jpg,2
metal156.jpg,2
metal145.jpg,2
metal290.jpg,2
metal359.jpg,2
metal349.jpg,2
metal250.jpg,2
metal121.jpg,2
metal328.jpg,2
metal261.jpg,2
metal203.jpg,2
metal202.jpg,2
metal256.jpg,2
metal410.jpg,2
metal206.jpg,2
metal320.jpg,2
metal65.jpg,2
metal259.jpg,2
metal384.jpg,2
metal138.jpg,2
metal238.jpg,2
metal354.jpg,2
metal17.jpg,2
metal347.jpg,2
metal154.jpg,2
metal119.jpg,2
metal383.jpg,2
metal272.jpg,2
metal20.jpg,2
metal245.jpg,2
metal287.jpg,2
metal370.jpg,2
metal63.jpg,2
metal353.jpg,2
metal22.jpg,2
metal323.jpg,2
metal315.jpg,2
metal228.jpg,2
metal275.jpg,2
metal91.jpg,2
metal170.jpg,2
metal151.jpg,2
metal336.jpg,2
metal24.jpg,2
metal28.jpg,2
metal27.jpg,2
metal58.jpg,2
metal135.jpg,2
metal283.jpg,2
metal305.jpg,2
metal3.jpg,2
metal87.jpg,2
metal403.jpg,2
metal326.jpg,2
metal67.jpg,2
metal120.jpg,2
metal324.jpg,2
metal193.jpg,2
metal92.jpg,2
metal26.jpg,2
metal189.jpg,2
metal230.jpg,2
metal116.jpg,2
metal292.jpg,2
metal252.jpg,2
metal312.jpg,2
metal405.jpg,2
metal48.jpg,2
metal56.jpg,2
metal150.jpg,2
metal136.jpg,2
metal306.jpg,2
metal246.jpg,2
metal387.jpg,2
metal134.jpg,2
metal75.jpg,2
metal107.jpg,2
metal223.jpg,2
metal346.jpg,2
metal179.jpg,2
metal341.jpg,2
metal158.jpg,2
metal269.jpg,2
metal391.jpg,2
metal54.jpg,2
metal8.jpg,2
metal408.jpg,2
metal110.jpg,2
metal31.jpg,2
metal331.jpg,2
metal373.jpg,2
metal69.jpg,2
metal30.jpg,2
metal374.jpg,2
metal393.jpg,2
metal254.jpg,2
metal396.jpg,2
metal268.jpg,2
metal191.jpg,2
metal371.jpg,2
metal194.jpg,2
metal216.jpg,2
metal96.jpg,2
metal377.jpg,2
metal190.jpg,2
metal329.jpg,2
metal146.jpg,2
metal35.jpg,2
metal169.jpg,2
metal174.jpg,2
metal34.jpg,2
metal311.jpg,2
metal360.jpg,2
metal7.jpg,2
metal109.jpg,2
metal400.jpg,2
metal392.jpg,2
metal264.jpg,2
metal407.jpg,2
metal276.jpg,2
metal123.jpg,2
metal129.jpg,2
metal167.jpg,2
metal36.jpg,2
metal104.jpg,2
metal241.jpg,2
metal184.jpg,2
metal98.jpg,2
metal195.jpg,2
metal274.jpg,2
metal94.jpg,2
metal197.jpg,2
metal273.jpg,2
metal257.jpg,2
metal251.jpg,2
metal208.jpg,2
metal103.jpg,2
metal144.jpg,2
metal183.jpg,2
metal232.jpg,2
metal314.jpg,2
metal106.jpg,2
metal307.jpg,2
metal244.jpg,2
metal332.jpg,2
metal226.jpg,2
metal363.jpg,2
metal404.jpg,2
metal229.jpg,2
metal282.jpg,2
metal165.jpg,2
metal32.jpg,2
metal343.jpg,2
metal114.jpg,2
metal46.jpg,2
metal265.jpg,2
metal66.jpg,2
metal212.jpg,2
metal140.jpg,2
metal409.jpg,2
metal205.jpg,2
metal368.jpg,2
metal127.jpg,2
metal99.jpg,2
metal253.jpg,2
metal112.jpg,2
metal200.jpg,2
metal173.jpg,2
metal286.jpg,2
metal38.jpg,2
metal385.jpg,2
metal367.jpg,2
metal338.jpg,2
metal221.jpg,2
metal45.jpg,2
metal201.jpg,2
metal248.jpg,2
metal122.jpg,2
metal263.jpg,2
metal284.jpg,2
metal318.jpg,2
metal379.jpg,2
metal242.jpg,2
metal68.jpg,2
metal389.jpg,2
cardboard76.jpg,4
cardboard387.jpg,4
cardboard205.jpg,4
cardboard305.jpg,4
cardboard344.jpg,4
cardboard25.jpg,4
cardboard45.jpg,4
cardboard121.jpg,4
cardboard68.jpg,4
cardboard259.jpg,4
cardboard265.jpg,4
cardboard261.jpg,4
cardboard129.jpg,4
cardboard14.jpg,4
cardboard111.jpg,4
cardboard267.jpg,4
cardboard300.jpg,4
cardboard402.jpg,4
cardboard227.jpg,4
cardboard253.jpg,4
cardboard236.jpg,4
cardboard249.jpg,4
cardboard228.jpg,4
cardboard332.jpg,4
cardboard243.jpg,4
cardboard211.jpg,4
cardboard385.jpg,4
cardboard80.jpg,4
cardboard126.jpg,4
cardboard186.jpg,4
cardboard43.jpg,4
cardboard217.jpg,4
cardboard116.jpg,4
cardboard190.jpg,4
cardboard88.jpg,4
cardboard95.jpg,4
cardboard104.jpg,4
cardboard96.jpg,4
cardboard318.jpg,4
cardboard374.jpg,4
cardboard34.jpg,4
cardboard278.jpg,4
cardboard117.jpg,4
cardboard179.jpg,4
cardboard354.jpg,4
cardboard341.jpg,4
cardboard114.jpg,4
cardboard128.jpg,4
cardboard85.jpg,4
cardboard212.jpg,4
cardboard303.jpg,4
cardboard64.jpg,4
cardboard307.jpg,4
cardboard62.jpg,4
cardboard118.jpg,4
cardboard2.jpg,4
cardboard274.jpg,4
cardboard239.jpg,4
cardboard139.jpg,4
cardboard11.jpg,4
cardboard348.jpg,4
cardboard262.jpg,4
cardboard247.jpg,4
cardboard242.jpg,4
cardboard22.jpg,4
cardboard134.jpg,4
cardboard372.jpg,4
cardboard178.jpg,4
cardboard237.jpg,4
cardboard131.jpg,4
cardboard386.jpg,4
cardboard346.jpg,4
cardboard375.jpg,4
cardboard275.jpg,4
cardboard194.jpg,4
cardboard296.jpg,4
cardboard71.jpg,4
cardboard156.jpg,4
cardboard110.jpg,4
cardboard365.jpg,4
cardboard19.jpg,4
cardboard276.jpg,4
cardboard399.jpg,4
cardboard94.jpg,4
cardboard246.jpg,4
cardboard55.jpg,4
cardboard50.jpg,4
cardboard282.jpg,4
cardboard24.jpg,4
cardboard362.jpg,4
cardboard240.jpg,4
cardboard39.jpg,4
cardboard221.jpg,4
cardboard199.jpg,4
cardboard264.jpg,4
cardboard317.jpg,4
cardboard16.jpg,4
cardboard87.jpg,4
cardboard3.jpg,4
cardboard191.jpg,4
cardboard284.jpg,4
cardboard313.jpg,4
cardboard163.jpg,4
cardboard339.jpg,4
cardboard145.jpg,4
cardboard181.jpg,4
cardboard113.jpg,4
cardboard160.jpg,4
cardboard173.jpg,4
cardboard330.jpg,4
cardboard69.jpg,4
cardboard320.jpg,4
cardboard150.jpg,4
cardboard345.jpg,4
cardboard26.jpg,4
cardboard288.jpg,4
cardboard200.jpg,4
cardboard33.jpg,4
cardboard248.jpg,4
cardboard343.jpg,4
cardboard53.jpg,4
cardboard41.jpg,4
cardboard266.jpg,4
cardboard152.jpg,4
cardboard147.jpg,4
cardboard122.jpg,4
cardboard103.jpg,4
cardboard234.jpg,4
cardboard363.jpg,4
cardboard356.jpg,4
cardboard124.jpg,4
cardboard285.jpg,4
cardboard287.jpg,4
cardboard79.jpg,4
cardboard269.jpg,4
cardboard255.jpg,4
cardboard210.jpg,4
cardboard216.jpg,4
cardboard65.jpg,4
cardboard231.jpg,4
cardboard63.jpg,4
cardboard57.jpg,4
cardboard308.jpg,4
cardboard196.jpg,4
cardboard51.jpg,4
cardboard192.jpg,4
cardboard143.jpg,4
cardboard235.jpg,4
cardboard283.jpg,4
cardboard314.jpg,4
cardboard89.jpg,4
cardboard159.jpg,4
cardboard209.jpg,4
cardboard370.jpg,4
cardboard286.jpg,4
cardboard355.jpg,4
cardboard371.jpg,4
cardboard30.jpg,4
cardboard218.jpg,4
cardboard188.jpg,4
cardboard342.jpg,4
cardboard230.jpg,4
cardboard109.jpg,4
cardboard379.jpg,4
cardboard328.jpg,4
cardboard368.jpg,4
cardboard4.jpg,4
cardboard340.jpg,4
cardboard384.jpg,4
cardboard306.jpg,4
cardboard93.jpg,4
cardboard6.jpg,4
cardboard18.jpg,4
cardboard137.jpg,4
cardboard185.jpg,4
cardboard403.jpg,4
cardboard161.jpg,4
cardboard193.jpg,4
cardboard112.jpg,4
cardboard176.jpg,4
cardboard219.jpg,4
cardboard263.jpg,4
cardboard233.jpg,4
cardboard140.jpg,4
cardboard44.jpg,4
cardboard61.jpg,4
cardboard75.jpg,4
cardboard166.jpg,4
cardboard92.jpg,4
cardboard82.jpg,4
cardboard315.jpg,4
cardboard260.jpg,4
cardboard213.jpg,4
cardboard204.jpg,4
cardboard32.jpg,4
cardboard244.jpg,4
cardboard224.jpg,4
cardboard105.jpg,4
cardboard27.jpg,4
cardboard366.jpg,4
cardboard376.jpg,4
cardboard15.jpg,4
cardboard360.jpg,4
cardboard98.jpg,4
cardboard347.jpg,4
cardboard203.jpg,4
cardboard119.jpg,4
cardboard130.jpg,4
cardboard174.jpg,4
cardboard380.jpg,4
cardboard135.jpg,4
cardboard393.jpg,4
cardboard59.jpg,4
cardboard202.jpg,4
cardboard17.jpg,4
cardboard123.jpg,4
cardboard83.jpg,4
cardboard353.jpg,4
cardboard77.jpg,4
cardboard67.jpg,4
cardboard223.jpg,4
cardboard337.jpg,4
cardboard226.jpg,4
cardboard78.jpg,4
cardboard28.jpg,4
cardboard133.jpg,4
cardboard292.jpg,4
cardboard333.jpg,4
cardboard352.jpg,4
cardboard195.jpg,4
cardboard367.jpg,4
cardboard197.jpg,4
cardboard183.jpg,4
cardboard329.jpg,4
cardboard336.jpg,4
cardboard54.jpg,4
cardboard304.jpg,4
cardboard401.jpg,4
cardboard171.jpg,4
cardboard289.jpg,4
cardboard81.jpg,4
cardboard310.jpg,4
cardboard268.jpg,4
cardboard8.jpg,4
cardboard29.jpg,4
cardboard312.jpg,4
cardboard31.jpg,4
cardboard21.jpg,4
cardboard49.jpg,4
cardboard151.jpg,4
cardboard382.jpg,4
cardboard23.jpg,4
cardboard256.jpg,4
cardboard72.jpg,4
cardboard153.jpg,4
cardboard326.jpg,4
cardboard58.jpg,4
cardboard138.jpg,4
cardboard325.jpg,4
cardboard9.jpg,4
cardboard323.jpg,4
cardboard189.jpg,4
cardboard378.jpg,4
cardboard60.jpg,4
cardboard46.jpg,4
cardboard170.jpg,4
cardboard86.jpg,4
cardboard66.jpg,4
cardboard158.jpg,4
cardboard10.jpg,4
cardboard232.jpg,4
cardboard38.jpg,4
cardboard250.jpg,4
cardboard381.jpg,4
cardboard373.jpg,4
cardboard279.jpg,4
cardboard245.jpg,4
cardboard70.jpg,4
cardboard47.jpg,4
cardboard390.jpg,4
cardboard324.jpg,4
cardboard165.jpg,4
cardboard74.jpg,4
trash13.jpg,5
trash50.jpg,5
trash5.jpg,5
trash106.jpg,5
trash80.jpg,5
trash88.jpg,5
trash135.jpg,5
trash3.jpg,5
trash89.jpg,5
trash93.jpg,5
trash8.jpg,5
trash87.jpg,5
trash90.jpg,5
trash127.jpg,5
trash71.jpg,5
trash9.jpg,5
trash28.jpg,5
trash116.jpg,5
trash41.jpg,5
trash48.jpg,5
trash137.jpg,5
trash43.jpg,5
trash92.jpg,5
trash18.jpg,5
trash59.jpg,5
trash29.jpg,5
trash101.jpg,5
trash11.jpg,5
trash27.jpg,5
trash33.jpg,5
trash121.jpg,5
trash69.jpg,5
trash134.jpg,5
trash72.jpg,5
trash20.jpg,5
trash65.jpg,5
trash38.jpg,5
trash58.jpg,5
trash56.jpg,5
trash2.jpg,5
trash82.jpg,5
trash51.jpg,5
trash76.jpg,5
trash133.jpg,5
trash30.jpg,5
trash123.jpg,5
trash63.jpg,5
trash60.jpg,5
trash77.jpg,5
trash61.jpg,5
trash102.jpg,5
trash117.jpg,5
trash104.jpg,5
trash132.jpg,5
trash46.jpg,5
trash32.jpg,5
trash122.jpg,5
trash97.jpg,5
trash16.jpg,5
trash42.jpg,5
trash62.jpg,5
trash119.jpg,5
trash10.jpg,5
trash125.jpg,5
trash85.jpg,5
trash73.jpg,5
trash112.jpg,5
trash70.jpg,5
trash96.jpg,5
trash79.jpg,5
trash24.jpg,5
trash14.jpg,5
trash36.jpg,5
trash31.jpg,5
trash12.jpg,5
trash4.jpg,5
trash40.jpg,5
trash21.jpg,5
trash64.jpg,5
trash109.jpg,5
trash120.jpg,5
trash98.jpg,5
trash57.jpg,5
trash130.jpg,5
trash83.jpg,5
trash126.jpg,5
trash84.jpg,5
trash39.jpg,5
trash78.jpg,5
trash52.jpg,5
trash66.jpg,5
trash131.jpg,5
trash45.jpg,5
trash81.jpg,5
trash128.jpg,5
trash75.jpg,5
paper149.jpg,1
paper74.jpg,1
paper270.jpg,1
paper320.jpg,1
paper49.jpg,1
paper319.jpg,1
paper573.jpg,1
paper366.jpg,1
paper459.jpg,1
paper533.jpg,1
paper213.jpg,1
paper333.jpg,1
paper240.jpg,1
paper334.jpg,1
paper569.jpg,1
paper422.jpg,1
paper555.jpg,1
paper80.jpg,1
paper152.jpg,1
paper24.jpg,1
paper558.jpg,1
paper279.jpg,1
paper195.jpg,1
paper31.jpg,1
paper3.jpg,1
paper309.jpg,1
paper141.jpg,1
paper391.jpg,1
paper349.jpg,1
paper267.jpg,1
paper47.jpg,1
paper192.jpg,1
paper168.jpg,1
paper33.jpg,1
paper16.jpg,1
paper1.jpg,1
paper489.jpg,1
paper360.jpg,1
paper245.jpg,1
paper563.jpg,1
paper561.jpg,1
paper560.jpg,1
paper455.jpg,1
paper466.jpg,1
paper344.jpg,1
paper593.jpg,1
paper78.jpg,1
paper583.jpg,1
paper304.jpg,1
paper350.jpg,1
paper446.jpg,1
paper232.jpg,1
paper306.jpg,1
paper298.jpg,1
paper197.jpg,1
paper400.jpg,1
paper511.jpg,1
paper362.jpg,1
paper483.jpg,1
paper204.jpg,1
paper148.jpg,1
paper154.jpg,1
paper329.jpg,1
paper464.jpg,1
paper143.jpg,1
paper214.jpg,1
paper302.jpg,1
paper321.jpg,1
paper562.jpg,1
paper295.jpg,1
paper338.jpg,1
paper61.jpg,1
paper401.jpg,1
paper258.jpg,1
paper526.jpg,1
paper501.jpg,1
paper255.jpg,1
paper398.jpg,1
paper101.jpg,1
paper383.jpg,1
paper488.jpg,1
paper506.jpg,1
paper357.jpg,1
paper281.jpg,1
paper297.jpg,1
paper64.jpg,1
paper498.jpg,1
paper92.jpg,1
paper355.jpg,1
paper21.jpg,1
paper239.jpg,1
paper485.jpg,1
paper392.jpg,1
paper471.jpg,1
paper36.jpg,1
paper363.jpg,1
paper493.jpg,1
paper157.jpg,1
paper430.jpg,1
paper231.jpg,1
paper491.jpg,1
paper290.jpg,1
paper512.jpg,1
paper502.jpg,1
paper260.jpg,1
paper162.jpg,1
paper551.jpg,1
paper390.jpg,1
paper285.jpg,1
paper451.jpg,1
paper473.jpg,1
paper490.jpg,1
paper545.jpg,1
paper34.jpg,1
paper371.jpg,1
paper416.jpg,1
paper482.jpg,1
paper261.jpg,1
paper42.jpg,1
paper60.jpg,1
paper130.jpg,1
paper370.jpg,1
paper43.jpg,1
paper256.jpg,1
paper54.jpg,1
paper146.jpg,1
paper171.jpg,1
paper76.jpg,1
paper336.jpg,1
paper275.jpg,1
paper23.jpg,1
paper103.jpg,1
paper428.jpg,1
paper271.jpg,1
paper538.jpg,1
paper163.jpg,1
paper184.jpg,1
paper356.jpg,1
paper11.jpg,1
paper126.jpg,1
paper140.jpg,1
paper445.jpg,1
paper328.jpg,1
paper194.jpg,1
paper373.jpg,1
paper226.jpg,1
paper189.jpg,1
paper37.jpg,1
paper427.jpg,1
paper343.jpg,1
paper73.jpg,1
paper77.jpg,1
paper108.jpg,1
paper156.jpg,1
paper530.jpg,1
paper345.jpg,1
paper318.jpg,1
paper420.jpg,1
paper123.jpg,1
paper579.jpg,1
paper574.jpg,1
paper444.jpg,1
paper314.jpg,1
paper311.jpg,1
paper173.jpg,1
paper504.jpg,1
paper450.jpg,1
paper531.jpg,1
paper582.jpg,1
paper443.jpg,1
paper335.jpg,1
paper575.jpg,1
paper264.jpg,1
paper532.jpg,1
paper470.jpg,1
paper358.jpg,1
paper266.jpg,1
paper113.jpg,1
paper505.jpg,1
paper5.jpg,1
paper233.jpg,1
paper415.jpg,1
paper584.jpg,1
paper35.jpg,1
paper100.jpg,1
paper198.jpg,1
paper19.jpg,1
paper234.jpg,1
paper461.jpg,1
paper480.jpg,1
paper468.jpg,1
paper238.jpg,1
paper419.jpg,1
paper58.jpg,1
paper114.jpg,1
paper528.jpg,1
paper211.jpg,1
paper353.jpg,1
paper293.jpg,1
paper107.jpg,1
paper522.jpg,1
paper385.jpg,1
paper340.jpg,1
paper205.jpg,1
paper121.jpg,1
paper20.jpg,1
paper327.jpg,1
paper235.jpg,1
paper250.jpg,1
paper14.jpg,1
paper546.jpg,1
paper382.jpg,1
paper96.jpg,1
paper116.jpg,1
paper53.jpg,1
paper122.jpg,1
paper216.jpg,1
paper40.jpg,1
paper137.jpg,1
paper380.jpg,1
paper523.jpg,1
paper592.jpg,1
paper200.jpg,1
paper472.jpg,1
paper439.jpg,1
paper229.jpg,1
paper467.jpg,1
paper402.jpg,1
paper183.jpg,1
paper487.jpg,1
paper147.jpg,1
paper67.jpg,1
paper426.jpg,1
paper409.jpg,1
paper102.jpg,1
paper199.jpg,1
paper368.jpg,1
paper308.jpg,1
paper486.jpg,1
paper219.jpg,1
paper585.jpg,1
paper132.jpg,1
paper396.jpg,1
paper44.jpg,1
paper248.jpg,1
paper174.jpg,1
paper411.jpg,1
paper32.jpg,1
paper111.jpg,1
paper479.jpg,1
paper109.jpg,1
paper193.jpg,1
paper272.jpg,1
paper312.jpg,1
paper10.jpg,1
paper341.jpg,1
paper474.jpg,1
paper324.jpg,1
paper265.jpg,1
paper243.jpg,1
paper431.jpg,1
paper69.jpg,1
paper286.jpg,1
paper83.jpg,1
paper590.jpg,1
paper59.jpg,1
paper536.jpg,1
paper524.jpg,1
paper244.jpg,1
paper557.jpg,1
paper190.jpg,1
paper254.jpg,1
paper393.jpg,1
paper299.jpg,1
paper277.jpg,1
paper38.jpg,1
paper594.jpg,1
paper469.jpg,1
paper395.jpg,1
paper84.jpg,1
paper448.jpg,1
paper497.jpg,1
paper202.jpg,1
paper457.jpg,1
paper201.jpg,1
paper182.jpg,1
paper129.jpg,1
paper379.jpg,1
paper403.jpg,1
paper86.jpg,1
paper410.jpg,1
paper179.jpg,1
paper210.jpg,1
paper553.jpg,1
paper568.jpg,1
paper18.jpg,1
paper434.jpg,1
paper134.jpg,1
paper436.jpg,1
paper88.jpg,1
paper4.jpg,1
paper282.jpg,1
paper289.jpg,1
paper316.jpg,1
paper167.jpg,1
paper177.jpg,1
paper374.jpg,1
paper8.jpg,1
paper537.jpg,1
paper404.jpg,1
paper441.jpg,1
paper39.jpg,1
paper520.jpg,1
paper452.jpg,1
paper151.jpg,1
paper454.jpg,1
paper460.jpg,1
paper237.jpg,1
paper413.jpg,1
paper127.jpg,1
paper95.jpg,1
paper535.jpg,1
paper541.jpg,1
paper586.jpg,1
paper22.jpg,1
paper99.jpg,1
paper246.jpg,1
paper571.jpg,1
paper249.jpg,1
paper105.jpg,1
paper26.jpg,1
paper412.jpg,1
paper442.jpg,1
paper384.jpg,1
paper529.jpg,1
paper175.jpg,1
paper25.jpg,1
paper13.jpg,1
paper119.jpg,1
paper525.jpg,1
paper542.jpg,1
paper161.jpg,1
paper170.jpg,1
paper440.jpg,1
paper150.jpg,1
paper432.jpg,1
paper70.jpg,1
paper288.jpg,1
paper387.jpg,1
paper394.jpg,1
paper517.jpg,1
paper29.jpg,1
paper435.jpg,1
paper465.jpg,1
paper534.jpg,1
paper17.jpg,1
paper278.jpg,1
paper407.jpg,1
paper567.jpg,1
paper587.jpg,1
paper160.jpg,1
paper56.jpg,1
paper164.jpg,1
paper133.jpg,1
paper507.jpg,1
paper543.jpg,1
paper433.jpg,1
paper581.jpg,1
paper580.jpg,1
paper41.jpg,1
paper145.jpg,1
paper12.jpg,1
paper381.jpg,1
paper589.jpg,1
paper128.jpg,1
paper377.jpg,1
paper28.jpg,1
paper85.jpg,1
paper166.jpg,1
paper142.jpg,1
paper565.jpg,1
paper268.jpg,1
paper369.jpg,1
paper185.jpg,1
paper326.jpg,1
paper66.jpg,1
paper388.jpg,1
paper425.jpg,1
paper196.jpg,1
paper230.jpg,1
paper484.jpg,1
paper259.jpg,1
paper578.jpg,1
paper131.jpg,1
paper305.jpg,1
paper429.jpg,1
paper125.jpg,1
paper494.jpg,1
paper456.jpg,1
paper253.jpg,1
paper418.jpg,1
paper98.jpg,1
paper215.jpg,1
paper477.jpg,1
paper7.jpg,1
paper499.jpg,1
paper351.jpg,1
paper223.jpg,1
paper115.jpg,1
paper207.jpg,1
paper124.jpg,1
paper365.jpg,1
paper263.jpg,1
paper476.jpg,1
paper549.jpg,1
paper224.jpg,1
glass66.jpg,0
glass323.jpg,0
glass287.jpg,0
glass181.jpg,0
glass5.jpg,0
glass451.jpg,0
glass138.jpg,0
glass168.jpg,0
glass435.jpg,0
glass333.jpg,0
glass60.jpg,0
glass398.jpg,0
glass381.jpg,0
glass279.jpg,0
glass251.jpg,0
glass454.jpg,0
glass141.jpg,0
glass348.jpg,0
glass53.jpg,0
glass10.jpg,0
glass416.jpg,0
glass236.jpg,0
glass388.jpg,0
glass472.jpg,0
glass377.jpg,0
glass144.jpg,0
glass342.jpg,0
glass150.jpg,0
glass126.jpg,0
glass400.jpg,0
glass49.jpg,0
glass378.jpg,0
glass459.jpg,0
glass446.jpg,0
glass284.jpg,0
glass80.jpg,0
glass20.jpg,0
glass198.jpg,0
glass489.jpg,0
glass483.jpg,0
glass234.jpg,0
glass422.jpg,0
glass32.jpg,0
glass351.jpg,0
glass487.jpg,0
glass158.jpg,0
glass405.jpg,0
glass30.jpg,0
glass369.jpg,0
glass437.jpg,0
glass243.jpg,0
glass386.jpg,0
glass143.jpg,0
glass13.jpg,0
glass40.jpg,0
glass471.jpg,0
glass28.jpg,0
glass154.jpg,0
glass396.jpg,0
glass98.jpg,0
glass213.jpg,0
glass47.jpg,0
glass392.jpg,0
glass479.jpg,0
glass313.jpg,0
glass186.jpg,0
glass61.jpg,0
glass84.jpg,0
glass59.jpg,0
glass208.jpg,0
glass87.jpg,0
glass433.jpg,0
glass345.jpg,0
glass249.jpg,0
glass71.jpg,0
glass254.jpg,0
glass431.jpg,0
glass151.jpg,0
glass393.jpg,0
glass152.jpg,0
glass67.jpg,0
glass361.jpg,0
glass4.jpg,0
glass331.jpg,0
glass214.jpg,0
glass412.jpg,0
glass430.jpg,0
glass376.jpg,0
glass352.jpg,0
glass171.jpg,0
glass470.jpg,0
glass134.jpg,0
glass305.jpg,0
glass266.jpg,0
glass170.jpg,0
glass374.jpg,0
glass199.jpg,0
glass44.jpg,0
glass441.jpg,0
glass169.jpg,0
glass335.jpg,0
glass436.jpg,0
glass420.jpg,0
glass445.jpg,0
glass311.jpg,0
glass299.jpg,0
glass380.jpg,0
glass86.jpg,0
glass155.jpg,0
glass461.jpg,0
glass9.jpg,0
glass465.jpg,0
glass221.jpg,0
glass263.jpg,0
glass124.jpg,0
glass486.jpg,0
glass423.jpg,0
glass139.jpg,0
glass371.jpg,0
glass68.jpg,0
glass231.jpg,0
glass194.jpg,0
glass497.jpg,0
glass205.jpg,0
glass447.jpg,0
glass344.jpg,0
glass366.jpg,0
glass43.jpg,0
glass277.jpg,0
glass294.jpg,0
glass320.jpg,0
glass373.jpg,0
glass385.jpg,0
glass409.jpg,0
glass414.jpg,0
glass382.jpg,0
glass247.jpg,0
glass425.jpg,0
glass31.jpg,0
glass201.jpg,0
glass180.jpg,0
glass172.jpg,0
glass326.jpg,0
glass116.jpg,0
glass413.jpg,0
glass35.jpg,0
glass197.jpg,0
glass136.jpg,0
glass481.jpg,0
glass12.jpg,0
glass450.jpg,0
glass304.jpg,0
glass175.jpg,0
glass501.jpg,0
glass178.jpg,0
glass280.jpg,0
glass19.jpg,0
glass65.jpg,0
glass63.jpg,0
glass228.jpg,0
glass370.jpg,0
glass289.jpg,0
glass142.jpg,0
glass75.jpg,0
glass148.jpg,0
glass448.jpg,0
glass133.jpg,0
glass484.jpg,0
glass340.jpg,0
glass27.jpg,0
glass334.jpg,0
glass70.jpg,0
glass83.jpg,0
glass78.jpg,0
glass92.jpg,0
glass336.jpg,0
glass318.jpg,0
glass442.jpg,0
glass362.jpg,0
glass485.jpg,0
glass449.jpg,0
glass346.jpg,0
glass97.jpg,0
glass443.jpg,0
glass466.jpg,0
glass7.jpg,0
glass56.jpg,0
glass57.jpg,0
glass357.jpg,0
glass298.jpg,0
glass41.jpg,0
glass260.jpg,0
glass195.jpg,0
glass22.jpg,0
glass76.jpg,0
glass272.jpg,0
glass244.jpg,0
glass125.jpg,0
glass421.jpg,0
glass64.jpg,0
glass475.jpg,0
glass341.jpg,0
glass51.jpg,0
glass104.jpg,0
glass452.jpg,0
glass163.jpg,0
glass302.jpg,0
glass54.jpg,0
glass8.jpg,0
glass183.jpg,0
glass192.jpg,0
glass26.jpg,0
glass117.jpg,0
glass322.jpg,0
glass240.jpg,0
glass270.jpg,0
glass122.jpg,0
glass238.jpg,0
glass185.jpg,0
glass18.jpg,0
glass310.jpg,0
glass428.jpg,0
glass269.jpg,0
glass332.jpg,0
glass456.jpg,0
glass424.jpg,0
glass410.jpg,0
glass457.jpg,0
glass167.jpg,0
glass112.jpg,0
glass314.jpg,0
glass118.jpg,0
glass389.jpg,0
glass476.jpg,0
glass309.jpg,0
glass218.jpg,0
glass363.jpg,0
glass250.jpg,0
glass404.jpg,0
glass468.jpg,0
glass460.jpg,0
glass90.jpg,0
glass402.jpg,0
glass149.jpg,0
glass438.jpg,0
glass23.jpg,0
glass179.jpg,0
glass93.jpg,0
glass474.jpg,0
glass6.jpg,0
glass267.jpg,0
glass261.jpg,0
glass207.jpg,0
glass301.jpg,0
glass15.jpg,0
glass153.jpg,0
glass500.jpg,0
glass216.jpg,0
glass62.jpg,0
glass217.jpg,0
glass480.jpg,0
glass426.jpg,0
glass36.jpg,0
glass307.jpg,0
glass328.jpg,0
glass135.jpg,0
glass113.jpg,0
glass131.jpg,0
glass146.jpg,0
glass286.jpg,0
glass81.jpg,0
glass295.jpg,0
glass137.jpg,0
glass349.jpg,0
glass103.jpg,0
glass77.jpg,0
glass96.jpg,0
glass88.jpg,0
glass120.jpg,0
glass241.jpg,0
glass391.jpg,0
glass196.jpg,0
glass383.jpg,0
glass184.jpg,0
glass160.jpg,0
glass434.jpg,0
glass444.jpg,0
glass408.jpg,0
glass401.jpg,0
glass190.jpg,0
glass418.jpg,0
glass174.jpg,0
glass17.jpg,0
glass164.jpg,0
glass114.jpg,0
glass204.jpg,0
glass455.jpg,0
glass356.jpg,0
glass173.jpg,0
glass239.jpg,0
glass39.jpg,0
glass464.jpg,0
glass34.jpg,0
glass202.jpg,0
glass290.jpg,0
glass69.jpg,0
glass89.jpg,0
glass390.jpg,0
glass417.jpg,0
glass439.jpg,0
glass55.jpg,0
glass50.jpg,0
glass291.jpg,0
glass52.jpg,0
glass245.jpg,0
glass275.jpg,0
glass403.jpg,0
glass321.jpg,0
glass157.jpg,0
glass283.jpg,0
glass319.jpg,0
glass226.jpg,0
glass473.jpg,0
glass25.jpg,0
glass156.jpg,0
glass495.jpg,0
glass325.jpg,0
glass145.jpg,0
glass233.jpg,0
glass265.jpg,0
glass206.jpg,0
glass453.jpg,0
glass237.jpg,0
glass478.jpg,0
glass347.jpg,0
glass219.jpg,0
glass411.jpg,0
glass166.jpg,0
glass38.jpg,0
glass109.jpg,0
glass257.jpg,0
glass330.jpg,0
glass94.jpg,0
glass229.jpg,0
glass223.jpg,0
glass368.jpg,0
glass95.jpg,0
glass110.jpg,0
glass58.jpg,0
glass79.jpg,0
glass119.jpg,0
